run_name,solver_used,total_time,optionality_score,objective_score,solver_objective,n_totes,n_units
run_0001,gurobi,71.5,-3.8000000000000003,72.83,72.83,6,26
run_0002,gurobi,76.5,-1.6,77.06,77.06,4,33
run_0003,gurobi,68.5,0.3999999999999996,68.36,68.36,5,27
run_0004,gurobi,18.5,-1.2000000000000002,18.92,18.92,2,7
run_0005,gurobi,99.75,11.999999999999998,95.55,95.55000000000001,8,38
run_0006,gurobi,77.5,7.999999999999998,74.7,74.7,7,28
run_0007,gurobi,41.5,-2.4,42.34,42.34,3,17
run_0008,gurobi,61.5,5.199999999999998,59.68,59.68000000000001,6,22
run_0009,gurobi,85.5,6.666666666666666,83.16666666666667,83.16666666666667,6,34
run_0010,gurobi,88.25,3.0,87.2,87.2,6,36
run_0011,gurobi,55.5,-2.4,56.34,56.34,3,25
run_0012,gurobi,83.5,5.999999999999998,81.4,81.4,7,31
run_0013,gurobi,20.25,-1.2000000000000002,20.67,20.67,2,8
run_0014,gurobi,61.75,-0.20000000000000007,61.82,61.82,5,24
run_0015,gurobi,48.5,3.6,47.24,47.24,5,16
run_0016,gurobi,81.75,15.999999999999998,76.15,76.14999999999999,7,30
run_0017,gurobi,39.5,2.1999999999999997,38.73,38.730000000000004,4,14
run_0018,gurobi,70.75,12.199999999999998,66.48,66.48,7,25
run_0019,gurobi,68.0,8.399999999999997,65.06,65.06,7,23
run_0020,gurobi,93.25,11.799999999999999,89.12,89.12,8,33
run_0021,gurobi,37.0,-4.000000000000001,38.4,38.4,4,13
run_0022,gurobi,91.25,5.999999999999998,89.15,89.15,7,35
run_0023,gurobi,20.75,-2.4,21.59,21.59,3,6
run_0024,gurobi,48.75,-2.6,49.66,49.66,4,18
run_0025,gurobi,61.75,-0.20000000000000007,61.82,61.82,5,24
run_0026,gurobi,55.5,-11.200000000000001,59.42,59.419999999999995,7,15
run_0027,gurobi,22.5,-2.4,23.34,23.34,3,7
run_0028,gurobi,50.75,1.1999999999999993,50.33,50.330000000000005,4,20
run_0029,gurobi,84.75,4.199999999999999,83.28,83.28,5,35
run_0030,gurobi,85.25,-8.4,88.19,88.19,6,33
run_0031,gurobi,65.25,4.999999999999999,63.5,63.5,5,26
run_0032,gurobi,71.75,1.7999999999999994,71.12,71.12,6,27
run_0033,gurobi,82.5,4.199999999999999,81.03,81.03,7,30
run_0034,gurobi,87.5,-3.8000000000000003,88.83,88.83,6,36
run_0035,gurobi,54.75,4.999999999999999,53.0,53.0,5,20
run_0036,gurobi,83.0,4.599999999999999,81.39,81.39000000000001,6,33
run_0037,gurobi,38.75,-0.6000000000000004,38.96,38.96,4,14
run_0038,gurobi,57.5,3.5999999999999996,56.24,56.24,5,22
run_0039,gurobi,22.5,-2.4,23.34,23.34,3,7
run_0040,gurobi,26.5,-0.6000000000000004,26.71,26.71,4,7
run_0041,gurobi,101.75,-1.8000000000000003,102.38,102.38000000000001,6,42
run_0042,gurobi,83.0,-4.2,84.47,84.47,5,34
run_0043,gurobi,52.25,4.999999999999999,50.5,50.5,5,19
run_0044,gurobi,53.25,-0.6000000000000004,53.46,53.46,4,21
run_0045,gurobi,80.5,4.199999999999999,79.03,79.03,5,33
run_0046,gurobi,37.75,2.6,36.84,36.84,4,13
run_0047,gurobi,65.75,3.1999999999999997,64.63,64.63,5,25
run_0048,gurobi,90.0,6.999999999999998,87.55,87.55,7,33
run_0049,gurobi,22.5,-2.4,23.34,23.34,3,7
run_0050,gurobi,49.5,-2.0000000000000004,50.2,50.199999999999996,5,17
run_0051,gurobi,85.75,10.199999999999998,82.18,82.18,8,30
run_0052,gurobi,66.0,2.6,65.09,65.09,5,26
run_0053,gurobi,70.25,-6.000000000000001,72.35,72.35,5,28
run_0054,gurobi,65.0,-0.40000000000000024,65.14,65.14,5,25
run_0055,gurobi,89.25,1.3333333333333335,88.78333333333333,88.78333333333333,7,33
run_0056,gurobi,52.0,-2.0000000000000004,52.7,52.7,5,18
run_0057,gurobi,100.25,12.599999999999996,95.84,95.84,8,37
run_0058,gurobi,38.25,-6.000000000000001,40.35,40.349999999999994,5,11
run_0059,gurobi,64.75,4.799999999999999,63.07,63.07000000000001,6,23
run_0060,gurobi,35.25,0.7999999999999995,34.97,34.97,4,12
run_0061,gurobi,73.75,-4.4,75.29,75.29,6,26
run_0062,gurobi,22.5,-2.4,23.34,23.34,3,7
run_0063,gurobi,87.0,0.19999999999999896,86.93,86.93,7,33
run_0064,gurobi,32.5,-1.2000000000000002,32.92,32.92,2,15
run_0065,gurobi,24.75,-4.000000000000001,26.15,26.15,4,6
run_0066,gurobi,41.25,-4.000000000000001,42.65,42.65,4,15
run_0067,gurobi,44.75,-0.6000000000000004,44.96,44.96,4,17
run_0068,gurobi,31.75,-0.6000000000000004,31.96,31.96,4,10
run_0069,gurobi,65.75,1.7999999999999994,65.12,65.12,6,24
run_0070,gurobi,60.75,0.8000000000000002,60.47,60.47,5,23
run_0071,gurobi,78.25,0.19999999999999896,78.18,78.18,7,28
run_0072,gurobi,63.75,7.999999999999998,60.95,60.95,6,22
run_0073,gurobi,67.75,2.8,66.77,66.77000000000001,5,27
run_0074,gurobi,26.0,-2.4,26.84,26.84,3,9
run_0075,gurobi,80.25,-6.2,82.42,82.42,6,31
run_0076,gurobi,20.25,-1.2000000000000002,20.67,20.67,2,8
run_0077,gurobi,62.0,-2.6,62.91,62.91,4,26
run_0078,gurobi,37.0,2.6,36.09,36.09,4,13
run_0079,gurobi,42.75,-1.2000000000000002,43.17,43.17,2,20
run_0080,gurobi,46.75,2.0,46.05,46.050000000000004,5,15
run_0081,gurobi,67.0,-6.2,69.17,69.17,6,23
run_0082,gurobi,76.0,-6.000000000000001,78.1,78.1,5,30
run_0083,gurobi,31.75,0.7999999999999995,31.47,31.47,4,10
run_0084,gurobi,71.0,-4.2,72.47,72.47,5,28
run_0085,gurobi,28.25,0.7999999999999995,27.97,27.97,4,8
run_0086,gurobi,49.75,-2.6,50.66,50.66,4,19
run_0087,gurobi,73.5,3.2000000000000006,72.38,72.38,6,28
run_0088,gurobi,51.0,1.399999999999999,50.51,50.510000000000005,6,16
run_0089,gurobi,80.0,-0.8000000000000003,80.28,80.28,6,30
run_0090,gurobi,25.5,-1.2000000000000002,25.92,25.92,2,11
run_0091,gurobi,100.25,3.3999999999999995,99.06,99.06,6,42
run_0092,gurobi,58.75,-2.4,59.59,59.59,3,26
run_0093,gurobi,112.25,-4.000000000000002,113.65,113.64999999999999,8,43
run_0094,gurobi,76.25,2.1999999999999997,75.48,75.48,7,26
run_0095,gurobi,80.25,4.799999999999999,78.57000000000001,78.57000000000001,6,31
run_0096,gurobi,109.5,1.1999999999999988,109.08,109.08,7,45
run_0097,gurobi,83.0,-2.400000000000001,83.84,83.84,7,29
run_0098,gurobi,18.5,-1.2000000000000002,18.92,18.92,2,7
run_0099,gurobi,86.75,6.199999999999998,84.58,84.58,6,36
run_0100,gurobi,22.0,-1.2000000000000002,22.42,22.42,2,9
run_0101,gurobi,38.25,-2.4,39.09,39.09,3,16
run_0102,gurobi,81.75,0.19999999999999896,81.68,81.68,7,30
run_0103,gurobi,31.75,-0.6000000000000004,31.96,31.96,4,10
run_0104,gurobi,48.5,-0.20000000000000007,48.57,48.57,5,16
run_0105,gurobi,87.0,-0.2000000000000003,87.07,87.07,6,34
run_0106,gurobi,22.0,-1.2000000000000002,22.42,22.42,2,9
run_0107,gurobi,88.0,3.0,86.95,86.95,6,35
run_0108,gurobi,77.25,0.3999999999999996,77.11,77.11,5,32
run_0109,gurobi,101.75,29.333333333333336,91.48333333333333,91.48333333333335,9,36
run_0110,gurobi,62.25,-4.2,63.72,63.72,5,23
run_0111,gurobi,113.75,8.799999999999997,110.67,110.67,7,47
run_0112,gurobi,71.75,-3.8000000000000003,73.08,73.08000000000001,6,27
run_0113,gurobi,59.5,-0.6000000000000004,59.71,59.71,4,25
run_0114,gurobi,88.0,-1.6000000000000005,88.56,88.56,6,35
run_0115,gurobi,31.75,-4.000000000000001,33.15,33.15,4,10
run_0116,gurobi,52.25,5.999999999999999,50.15,50.15,5,19
run_0117,gurobi,58.75,-2.0000000000000004,59.45,59.449999999999996,5,21
run_0118,gurobi,74.25,16.000000000000004,68.65,68.65,6,28
run_0119,gurobi,51.25,5.999999999999999,49.15,49.150000000000006,5,18
run_0120,gurobi,52.75,1.399999999999999,52.26,52.260000000000005,6,17
run_0121,gurobi,46.5,-4.000000000000001,47.9,47.9,4,18
run_0122,gurobi,26.0,-2.4,26.84,26.84,3,9
run_0123,gurobi,85.5,5.999999999999998,83.4,83.4,6,34
run_0124,gurobi,25.0,-2.4,25.84,25.84,3,8
run_0125,gurobi,62.25,4.799999999999999,60.57,60.57000000000001,6,22
run_0126,gurobi,74.75,-2.0000000000000004,75.45,75.44999999999999,5,31
run_0127,gurobi,67.0,-2.6,67.91,67.91,4,28
run_0128,gurobi,99.0,24.400000000000002,90.46,90.46,8,38
run_0129,gurobi,89.25,5.8,87.22,87.22,7,33
run_0130,gurobi,65.75,9.866666666666665,62.29666666666667,62.29666666666667,6,24
run_0131,gurobi,27.75,-2.4,28.59,28.59,3,10
run_0132,gurobi,57.0,1.399999999999999,56.51,56.510000000000005,6,19
run_0133,gurobi,58.0,11.999999999999998,53.8,53.8,6,20
run_0134,gurobi,79.5,5.999999999999999,77.4,77.4,6,31
run_0135,gurobi,70.0,3.3999999999999995,68.81,68.81,6,26
run_0136,gurobi,60.5,4.799999999999999,58.82,58.82000000000001,6,21
run_0137,gurobi,94.0,5.3999999999999995,92.11,92.11000000000001,7,37
run_0138,gurobi,66.75,-2.0000000000000004,67.45,67.44999999999999,5,26
run_0139,gurobi,35.25,2.6,34.34,34.34,4,12
run_0140,gurobi,59.0,-11.200000000000001,62.92,62.919999999999995,7,17
run_0141,gurobi,98.0,12.0,93.8,93.79999999999998,8,34
run_0142,gurobi,56.5,3.1999999999999997,55.38,55.38000000000001,5,21
run_0143,gurobi,82.5,6.599999999999999,80.19,80.19,7,30
run_0144,gurobi,57.75,-8.4,60.69,60.690000000000005,6,19
run_0145,gurobi,51.75,2.1999999999999997,50.98,50.980000000000004,4,21
run_0146,gurobi,28.25,-4.000000000000001,29.65,29.65,4,8
run_0147,gurobi,87.25,16.799999999999997,81.37,81.37,8,30
run_0148,gurobi,96.5,-7.771561172376096e-16,96.5,96.5,7,38
run_0149,gurobi,64.25,0.8000000000000002,63.97,63.97,5,25
run_0150,gurobi,79.25,-1.8000000000000003,79.88,79.88,6,30
run_0151,gurobi,78.75,5.199999999999998,76.93,76.93,6,31
run_0152,gurobi,66.0,-11.200000000000001,69.92,69.91999999999999,7,21
run_0153,gurobi,87.5,-3.400000000000001,88.69,88.69,7,32
run_0154,gurobi,67.5,3.2000000000000006,66.38,66.38,6,25
run_0155,gurobi,26.5,-4.000000000000001,27.9,27.9,4,7
run_0156,gurobi,73.5,3.2000000000000006,72.38,72.38,6,28
run_0157,gurobi,64.75,3.6,63.49,63.49,4,28
run_0158,gurobi,31.75,-4.000000000000001,33.15,33.15,4,10
run_0159,gurobi,20.75,-2.4,21.59,21.59,3,6
run_0160,gurobi,44.75,5.599999999999999,42.79,42.79,4,17
run_0161,gurobi,59.0,-2.0000000000000004,59.7,59.699999999999996,5,22
run_0162,gurobi,72.5,2.7999999999999994,71.52,71.52,6,27
run_0163,gurobi,79.0,0.8000000000000002,78.72,78.72,5,33
run_0164,gurobi,82.0,-6.2,84.17,84.17,6,32
run_0165,gurobi,70.0,-8.4,72.94,72.94,6,26
run_0166,gurobi,26.0,-2.4,26.84,26.84,3,9
run_0167,gurobi,39.5,-4.000000000000001,40.9,40.9,4,14
run_0168,gurobi,69.5,5.199999999999999,67.68,67.68,7,23
run_0169,gurobi,20.25,-1.2000000000000002,20.67,20.67,2,8
run_0170,gurobi,73.75,3.1999999999999997,72.63,72.63000000000001,5,30
run_0171,gurobi,72.75,-4.2,74.22,74.22,5,29
run_0172,gurobi,74.5,-1.6000000000000005,75.06,75.06,7,25
run_0173,gurobi,68.25,4.799999999999999,66.57000000000001,66.57000000000001,6,25
run_0174,gurobi,45.25,-0.20000000000000007,45.32,45.32,5,15
run_0175,gurobi,29.0,-1.2000000000000002,29.42,29.42,2,13
run_0176,gurobi,56.75,-4.000000000000001,58.15,58.15,4,23
run_0177,gurobi,24.25,-2.4,25.09,25.09,3,8
run_0178,gurobi,76.0,1.399999999999999,75.51,75.51,6,29
run_0179,gurobi,71.5,-0.2000000000000003,71.57,71.57,6,26
run_0180,gurobi,77.75,0.1999999999999998,77.68,77.67999999999999,5,31
run_0181,gurobi,28.25,-4.000000000000001,29.65,29.65,4,8
run_0182,gurobi,18.5,-1.2000000000000002,18.92,18.92,2,7
run_0183,gurobi,28.25,-4.000000000000001,29.65,29.65,4,8
run_0184,gurobi,26.5,-4.000000000000001,27.9,27.9,4,7
run_0185,gurobi,70.75,6.199999999999998,68.58,68.58,6,26
run_0186,gurobi,68.75,-2.4000000000000004,69.59,69.59,6,24
run_0187,gurobi,84.25,-0.2000000000000003,84.32,84.32,6,32
run_0188,gurobi,50.25,-2.4,51.09,51.09,3,22
run_0189,gurobi,54.75,-6.000000000000001,56.85,56.85,5,20
run_0190,gurobi,75.5,1.9999999999999996,74.8,74.8,7,26
run_0191,gurobi,91.5,8.399999999999997,88.56,88.56,7,36
run_0192,gurobi,73.75,8.999999999999998,70.6,70.6,6,29
run_0193,gurobi,76.75,1.1999999999999997,76.33,76.33,6,29
run_0194,gurobi,47.25,2.9999999999999996,46.2,46.2,4,18
run_0195,gurobi,70.5,8.799999999999997,67.42,67.42,7,24
run_0196,gurobi,42.75,2.1999999999999997,41.98,41.980000000000004,5,14
run_0197,gurobi,97.25,19.6,90.39,90.39000000000001,9,33
run_0198,gurobi,64.0,-0.6000000000000004,64.21,64.21000000000001,4,28
run_0199,gurobi,78.0,1.7999999999999994,77.37,77.37,6,31
run_0200,gurobi,91.75,7.199999999999998,89.23,89.23,8,33
run_0201,gurobi,87.75,9.399999999999997,84.46000000000001,84.46000000000001,7,33
run_0202,gurobi,85.5,0.7999999999999986,85.22,85.22,8,29
run_0203,gurobi,20.25,-1.2000000000000002,20.67,20.67,2,8
run_0204,gurobi,49.5,-2.0000000000000004,50.2,50.19999999999999,5,17
run_0205,gurobi,71.25,4.999999999999999,69.5,69.5,5,29
run_0206,gurobi,85.75,1.399999999999999,85.26,85.25999999999999,6,35
run_0207,gurobi,75.0,-1.6000000000000005,75.56,75.56,6,28
run_0208,gurobi,42.75,2.6,41.84,41.84,4,15
run_0209,gurobi,30.75,-1.2000000000000002,31.17,31.17,2,14
run_0210,gurobi,80.5,-1.0000000000000004,80.85,80.85,5,33
run_0211,gurobi,54.25,-4.000000000000001,55.65,55.65,4,22
run_0212,gurobi,45.25,-2.0000000000000004,45.95,45.95,5,15
run_0213,gurobi,77.25,5.199999999999999,75.43,75.43,7,27
run_0214,gurobi,43.25,-2.4,44.09,44.09,3,18
run_0215,gurobi,57.5,-2.6,58.41,58.41,4,23
run_0216,gurobi,22.0,-1.2000000000000002,22.42,22.42,2,9
run_0217,gurobi,67.0,-6.000000000000001,69.1,69.1,7,22
run_0218,gurobi,33.5,-4.000000000000001,34.9,34.9,4,11
run_0219,gurobi,60.75,2.1999999999999997,59.98,59.980000000000004,5,23
run_0220,gurobi,77.75,14.6,72.64,72.64,6,30
run_0221,gurobi,67.25,-1.8000000000000003,67.88,67.88,6,24
run_0222,gurobi,78.25,7.333333333333331,75.68333333333334,75.68333333333334,7,28
run_0223,gurobi,37.0,0.7999999999999995,36.72,36.72,4,13
run_0224,gurobi,64.5,-8.4,67.44,67.44,6,22
run_0225,gurobi,76.75,-7.771561172376096e-16,76.75,76.75,7,25
run_0226,gurobi,37.5,2.1999999999999997,36.73,36.730000000000004,5,11
run_0227,gurobi,16.75,-1.2000000000000002,17.17,17.17,2,6
run_0228,gurobi,83.75,8.399999999999999,80.81,80.81,6,33
run_0229,gurobi,59.5,1.399999999999999,59.01,59.010000000000005,6,20
run_0230,gurobi,70.75,-8.4,73.69,73.69,6,26
run_0231,gurobi,81.5,3.2000000000000006,80.38,80.38,6,33
run_0232,gurobi,61.5,0.8000000000000002,61.22,61.22,5,23
run_0233,gurobi,73.75,0.5999999999999993,73.54,73.53999999999999,7,25
run_0234,gurobi,50.5,-2.0000000000000004,51.2,51.2,5,18
run_0235,gurobi,52.75,7.999999999999998,49.95,49.949999999999996,6,17
run_0236,gurobi,27.75,-2.4,28.59,28.59,3,10
run_0237,gurobi,55.75,0.5999999999999994,55.54,55.54,4,22
run_0238,gurobi,33.5,0.7999999999999995,33.22,33.22,4,11
run_0239,gurobi,56.0,-0.6000000000000004,56.21,56.21,4,23
run_0240,gurobi,71.75,-1.6000000000000005,72.31,72.31,6,27
run_0241,gurobi,88.5,6.199999999999999,86.33,86.33,7,33
run_0242,gurobi,28.25,2.6,27.34,27.34,4,8
run_0243,gurobi,53.0,-0.40000000000000024,53.14,53.14,5,19
run_0244,gurobi,87.25,12.599999999999998,82.84,82.84,6,35
run_0245,gurobi,67.75,-0.40000000000000024,67.89,67.89,5,27
run_0246,gurobi,75.75,-0.2000000000000003,75.82,75.82,6,28
run_0247,gurobi,56.5,9.999999999999998,53.0,53.0,5,21
run_0248,gurobi,51.25,-2.0000000000000004,51.95,51.949999999999996,5,18
run_0249,gurobi,80.0,-2.0000000000000004,80.7,80.69999999999999,5,34
run_0250,gurobi,62.0,-1.8000000000000003,62.63,62.629999999999995,6,21
run_0251,gurobi,105.75,3.1999999999999997,104.63,104.63000000000001,7,42
run_0252,gurobi,62.75,8.999999999999998,59.6,59.60000000000001,7,20
run_0253,gurobi,31.75,2.6,30.84,30.84,4,10
run_0254,gurobi,45.25,7.599999999999999,42.59,42.59,5,15
run_0255,gurobi,56.75,-2.6,57.66,57.66,4,23
run_0256,gurobi,24.25,-2.4,25.09,25.09,3,8
run_0257,gurobi,43.5,5.999999999999999,41.4,41.400000000000006,5,14
run_0258,gurobi,48.5,4.999999999999999,46.75,46.75,5,16
run_0259,gurobi,37.0,-0.6000000000000004,37.21,37.21,4,13
run_0260,gurobi,57.5,2.6,56.59,56.59,5,22
run_0261,gurobi,84.0,3.1999999999999997,82.88,82.88,8,29
run_0262,gurobi,98.25,16.46666666666667,92.48666666666666,92.48666666666666,7,39
run_0263,gurobi,33.75,-2.4,34.59,34.59,3,13
run_0264,gurobi,26.0,-2.4,26.84,26.84,3,9
run_0265,gurobi,53.0,-2.0000000000000004,53.7,53.699999999999996,5,19
run_0266,gurobi,31.25,-2.4,32.09,32.09,3,12
run_0267,gurobi,24.25,-2.4,25.09,25.09,3,8
run_0268,gurobi,87.25,13.799999999999999,82.42,82.42,8,30
run_0269,gurobi,70.5,1.5999999999999996,69.94,69.94,6,25
run_0270,gurobi,44.5,2.1999999999999997,43.73,43.730000000000004,5,15
run_0271,gurobi,56.75,0.7999999999999995,56.47,56.47,4,23
run_0272,gurobi,33.5,-1.4,33.99,33.99,3,12
run_0273,gurobi,23.75,-1.2000000000000002,24.17,24.17,2,10
run_0274,gurobi,67.0,3.6,65.74,65.74000000000001,5,27
run_0275,gurobi,43.5,-2.0000000000000004,44.2,44.2,5,14
run_0276,gurobi,97.5,18.866666666666667,90.89666666666666,90.89666666666668,9,34
run_0277,gurobi,50.0,2.9999999999999996,48.95,48.95,4,20
run_0278,gurobi,26.0,-2.4,26.84,26.84,3,9
run_0279,gurobi,27.75,-2.4,28.59,28.59,3,10
run_0280,gurobi,54.25,-3.885780586188048e-16,54.25,54.25,4,22
run_0281,gurobi,95.0,8.266666666666664,92.10666666666667,92.10666666666667,7,35
run_0282,gurobi,22.0,-1.2000000000000002,22.42,22.42,2,9
run_0283,gurobi,92.75,-3.600000000000001,94.01,94.01,7,35
run_0284,gurobi,97.0,-1.7333333333333338,97.60666666666667,97.60666666666667,7,37
run_0285,gurobi,28.5,1.4000000000000004,28.01,28.01,3,10
run_0286,gurobi,84.5,9.0,81.35,81.35,6,33
run_0287,gurobi,59.5,7.999999999999998,56.7,56.70000000000001,6,20
run_0288,gurobi,57.75,16.6,51.94,51.94,6,19
run_0289,gurobi,53.75,-0.20000000000000007,53.82,53.82,5,19
run_0290,gurobi,58.5,-8.4,61.44,61.440000000000005,6,19
run_0291,gurobi,64.25,-6.000000000000001,66.35,66.35,5,25
run_0292,gurobi,72.0,-3.600000000000001,73.26,73.25999999999999,7,24
run_0293,gurobi,61.75,4.999999999999999,60.0,60.0,5,24
run_0294,gurobi,50.5,9.799999999999999,47.07,47.07,5,18
run_0295,gurobi,78.75,4.799999999999999,77.07000000000001,77.07000000000001,6,31
run_0296,gurobi,26.0,-2.4,26.84,26.84,3,9
run_0297,gurobi,35.25,2.6,34.34,34.34,4,12
run_0298,gurobi,85.5,3.2000000000000006,84.38,84.38,6,34
run_0299,gurobi,22.5,-2.4,23.34,23.34,3,7
run_0300,gurobi,64.0,-2.0000000000000004,64.7,64.69999999999999,5,24
run_0301,gurobi,78.75,-0.40000000000000024,78.89,78.89,5,32
run_0302,gurobi,69.0,-8.4,71.94,71.94,6,25
run_0303,gurobi,68.5,5.799999999999999,66.47,66.47,6,26
run_0304,gurobi,40.0,-2.4,40.84,40.84,3,17
run_0305,gurobi,20.25,-1.2000000000000002,20.67,20.67,2,8
run_0306,gurobi,83.0,0.5999999999999992,82.79,82.78999999999999,7,29
run_0307,gurobi,38.25,-2.4,39.09,39.09,3,16
run_0308,gurobi,71.75,1.399999999999999,71.26,71.26,6,27
run_0309,gurobi,92.5,5.399999999999999,90.61,90.61,8,33
run_0310,gurobi,44.75,-0.6000000000000004,44.96,44.96,4,17
run_0311,gurobi,52.25,-2.0000000000000004,52.95,52.949999999999996,5,19
run_0312,gurobi,78.25,0.9999999999999992,77.9,77.9,6,29
run_0313,gurobi,86.75,12.399999999999999,82.41,82.41,8,31
run_0314,gurobi,78.5,3.2000000000000006,77.38,77.38,6,30
run_0315,gurobi,38.0,-6.000000000000001,40.1,40.099999999999994,5,10
run_0316,gurobi,67.75,3.1999999999999997,66.63,66.63,5,27
run_0317,gurobi,64.5,1.399999999999999,64.01,64.01,6,22
run_0318,gurobi,56.5,5.8,54.47,54.47,5,21
run_0319,gurobi,91.75,22.200000000000003,83.98,83.97999999999999,8,33
run_0320,gurobi,26.0,-2.4,26.84,26.84,3,9
run_0321,gurobi,90.5,4.599999999999999,88.89,88.89,7,35
run_0322,gurobi,58.0,-0.20000000000000007,58.07,58.07,5,21
run_0323,gurobi,74.5,-0.4000000000000007,74.64,74.64,6,29
run_0324,gurobi,109.25,13.999999999999998,104.35,104.35,8,43
run_0325,gurobi,81.25,2.599999999999999,80.34,80.34,6,32
run_0326,gurobi,54.75,5.999999999999999,52.65,52.650000000000006,5,20
run_0327,gurobi,60.75,-0.40000000000000024,60.89,60.89,5,23
run_0328,gurobi,55.5,-6.000000000000001,57.6,57.6,5,20
run_0329,gurobi,60.25,1.399999999999999,59.76,59.760000000000005,6,20
run_0330,gurobi,58.75,6.199999999999998,56.58,56.58,6,20
run_0331,gurobi,66.5,6.199999999999998,64.33,64.33,6,24
run_0332,gurobi,81.5,11.200000000000001,77.58,77.58000000000001,7,29
run_0333,gurobi,46.5,-4.000000000000001,47.9,47.9,4,18
run_0334,gurobi,42.5,3.1999999999999997,41.38,41.38,5,13
run_0335,gurobi,51.75,3.6,50.49,50.49,4,21
run_0336,gurobi,79.5,6.199999999999998,77.33,77.33,6,31
run_0337,gurobi,81.5,-0.20000000000000007,81.57,81.57,5,34
run_0338,gurobi,43.75,3.6,42.49,42.49,4,16
run_0339,gurobi,75.25,4.799999999999999,73.57000000000001,73.57000000000001,6,29
run_0340,gurobi,26.0,-2.4,26.84,26.84,3,9
run_0341,gurobi,45.0,0.3999999999999998,44.86,44.86000000000001,3,19
run_0342,gurobi,65.75,4.799999999999999,64.07000000000001,64.07000000000001,6,24
run_0343,gurobi,48.75,7.199999999999999,46.230000000000004,46.230000000000004,5,17
run_0344,gurobi,72.25,-2.6,73.16,73.16,4,31
run_0345,gurobi,83.0,-1.6000000000000005,83.56,83.56,7,29
run_0346,gurobi,65.0,-2.6,65.91,65.91,4,26
run_0347,gurobi,84.75,5.999999999999998,82.65,82.65,6,34
run_0348,gurobi,66.0,-0.20000000000000007,66.07,66.07,5,26
run_0349,gurobi,55.75,10.6,52.04,52.040000000000006,5,21
run_0350,gurobi,35.75,2.1999999999999997,34.98,34.980000000000004,5,10
run_0351,gurobi,24.25,-2.4,25.09,25.09,3,8
run_0352,gurobi,63.75,-2.6,64.66,64.66,4,27
run_0353,gurobi,66.5,13.6,61.74,61.74,6,24
run_0354,gurobi,50.75,0.7999999999999995,50.47,50.47,4,20
run_0355,gurobi,28.25,-4.000000000000001,29.65,29.65,4,8
run_0356,gurobi,70.25,0.3999999999999996,70.11,70.11,5,28
run_0357,gurobi,54.75,-2.4,55.59,55.59,3,25
run_0358,gurobi,40.5,3.6,39.24,39.24,4,15
run_0359,gurobi,53.5,5.999999999999998,51.4,51.400000000000006,6,17
run_0360,gurobi,70.0,-3.2,71.12,71.12,5,27
run_0361,gurobi,70.0,6.199999999999998,67.83,67.83,6,26
run_0362,gurobi,59.5,-6.000000000000001,61.6,61.6,5,21
run_0363,gurobi,44.25,0.3999999999999998,44.11,44.11000000000001,3,19
run_0364,gurobi,61.75,-6.000000000000001,63.85,63.85,5,24
run_0365,gurobi,47.0,3.1999999999999997,45.88,45.88,5,16
run_0366,gurobi,19.0,-2.4,19.84,19.84,3,5
run_0367,gurobi,44.25,-0.20000000000000007,44.32,44.32000000000001,5,14
run_0368,gurobi,56.25,4.199999999999999,54.78,54.78,5,20
run_0369,gurobi,65.75,0.8000000000000002,65.47,65.47,5,25
run_0370,gurobi,24.25,-2.4,25.09,25.09,3,8
run_0371,gurobi,44.5,2.1999999999999997,43.73,43.730000000000004,5,15
run_0372,gurobi,27.5,-2.4,28.34,28.34,3,9
run_0373,gurobi,51.5,-0.6000000000000004,51.71,51.71,4,20
run_0374,gurobi,19.0,-2.4,19.84,19.84,3,5
run_0375,gurobi,33.5,-4.000000000000001,34.9,34.9,4,11
run_0376,gurobi,81.75,5.999999999999998,79.65,79.65,7,30
run_0377,gurobi,86.25,1.1999999999999997,85.83,85.82999999999998,6,34
run_0378,gurobi,58.25,-2.0000000000000004,58.95,58.949999999999996,5,22
run_0379,gurobi,81.5,-4.2,82.97,82.97,5,34
run_0380,gurobi,77.5,5.999999999999998,75.4,75.4,7,28
run_0381,gurobi,73.25,0.19999999999999896,73.18,73.18,7,23
run_0382,gurobi,108.75,11.866666666666669,104.59666666666666,104.59666666666666,8,41
run_0383,gurobi,69.5,-2.4000000000000004,70.34,70.34,6,24
run_0384,gurobi,65.0,5.8,62.97,62.97,5,25
run_0385,gurobi,55.75,1.3999999999999995,55.26,55.260000000000005,5,21
run_0386,gurobi,40.0,-2.0000000000000004,40.7,40.7,5,12
run_0387,gurobi,63.25,-2.0000000000000004,63.95,63.949999999999996,5,24
run_0388,gurobi,49.75,2.1999999999999997,48.98,48.980000000000004,5,18
run_0389,gurobi,45.25,2.1999999999999997,44.48,44.480000000000004,5,15
run_0390,gurobi,71.5,-0.40000000000000024,71.64,71.64,5,27
run_0391,gurobi,75.25,8.399999999999999,72.31,72.31,6,29
run_0392,gurobi,45.75,-6.000000000000001,47.85,47.849999999999994,5,14
run_0393,gurobi,66.25,-2.6,67.16,67.16,4,28
run_0394,gurobi,93.0,8.066666666666666,90.17666666666666,90.17666666666666,6,37
run_0395,gurobi,47.0,9.999999999999998,43.5,43.5,5,16
run_0396,gurobi,87.75,-2.4000000000000004,88.59,88.59,6,34
run_0397,gurobi,47.25,-4.000000000000001,48.65,48.65,4,18
run_0398,gurobi,79.0,-0.40000000000000024,79.14,79.14,5,33
run_0399,gurobi,44.0,-4.000000000000001,45.4,45.4,4,17
run_0400,gurobi,73.25,-0.800000000000001,73.53,73.53,6,27
run_0401,gurobi,55.5,0.8000000000000002,55.22,55.22,5,20
run_0402,gurobi,98.0,8.399999999999997,95.06,95.06,8,37
run_0403,gurobi,28.5,-2.4,29.34,29.34,3,10
run_0404,gurobi,51.0,-4.2,52.47,52.47,5,17
run_0405,gurobi,53.0,7.466666666666666,50.38666666666667,50.38666666666667,5,19
run_0406,gurobi,46.75,-6.000000000000001,48.85,48.849999999999994,5,15
run_0407,gurobi,85.25,9.799999999999997,81.82000000000001,81.82,7,32
run_0408,gurobi,106.0,1.1999999999999988,105.58,105.58,7,43
run_0409,gurobi,74.5,20.400000000000002,67.36,67.36,8,24
run_0410,gurobi,102.75,6.799999999999998,100.37,100.36999999999999,8,38
run_0411,gurobi,27.75,-2.4,28.59,28.59,3,10
run_0412,gurobi,22.5,-2.4,23.34,23.34,3,7
run_0413,gurobi,33.5,-4.000000000000001,34.9,34.9,4,11
run_0414,gurobi,60.5,10.799999999999999,56.72,56.72,6,21
run_0415,gurobi,43.5,-6.000000000000001,45.6,45.599999999999994,5,14
run_0416,gurobi,45.0,3.1999999999999997,43.88,43.88,5,14
run_0417,gurobi,82.25,-4.2,83.72,83.72,5,34
run_0418,gurobi,60.0,-2.0000000000000004,60.7,60.699999999999996,5,23
run_0419,gurobi,81.75,-6.2,83.92,83.92,6,31
run_0420,gurobi,24.75,-4.000000000000001,26.15,26.15,4,6
run_0421,gurobi,32.0,-2.4,32.84,32.84,3,12
run_0422,gurobi,27.25,-1.2000000000000002,27.67,27.67,2,12
run_0423,gurobi,86.0,29.400000000000002,75.71,75.71,8,31
run_0424,gurobi,47.25,-0.6000000000000004,47.46,47.46,4,18
run_0425,gurobi,99.25,1.1999999999999988,98.83,98.83,8,36
run_0426,gurobi,52.25,-0.20000000000000007,52.32,52.32,5,19
run_0427,gurobi,57.25,-6.000000000000001,59.35,59.35,5,21
run_0428,gurobi,26.0,-2.4,26.84,26.84,3,9
run_0429,gurobi,54.5,2.399999999999999,53.660000000000004,53.66000000000001,6,18
run_0430,gurobi,53.0,7.599999999999999,50.34,50.34,5,19
run_0431,gurobi,41.25,-4.000000000000001,42.65,42.65,4,15
run_0432,gurobi,57.25,-0.40000000000000024,57.39,57.39,5,21
run_0433,gurobi,61.75,-2.6,62.66,62.66,4,25
run_0434,gurobi,74.0,5.0,72.25,72.25,7,26
run_0435,gurobi,42.5,2.4,41.66,41.660000000000004,5,13
run_0436,gurobi,47.25,-4.000000000000001,48.65,48.65,4,18
run_0437,gurobi,86.0,5.999999999999998,83.9,83.9,7,32
run_0438,gurobi,56.5,-0.20000000000000007,56.57,56.57,5,21
run_0439,gurobi,55.25,18.400000000000002,48.81,48.81000000000001,6,18
run_0440,gurobi,83.75,5.199999999999999,81.93,81.92999999999999,6,33
run_0441,gurobi,62.5,-2.6,63.41,63.41,4,25
run_0442,gurobi,57.5,-4.000000000000001,58.9,58.9,4,23
run_0443,gurobi,70.25,8.999999999999998,67.1,67.1,6,27
run_0444,gurobi,64.25,0.8000000000000002,63.97,63.97,5,25
run_0445,gurobi,48.25,-2.4,49.09,49.09,3,20
run_0446,gurobi,24.25,-2.4,25.09,25.09,3,8
run_0447,gurobi,28.25,-4.000000000000001,29.65,29.65,4,8
run_0448,gurobi,19.0,-2.4,19.84,19.84,3,5
run_0449,gurobi,36.0,-0.6000000000000004,36.21,36.21,4,12
run_0450,gurobi,67.25,2.7999999999999994,66.27,66.27000000000001,6,24
run_0451,gurobi,102.75,1.9999999999999996,102.05,102.04999999999998,8,38
run_0452,gurobi,31.25,-2.4,32.09,32.09,3,12
run_0453,gurobi,76.75,2.4,75.91,75.91,5,30
run_0454,gurobi,87.5,1.9999999999999996,86.8,86.8,7,32
run_0455,gurobi,60.0,5.999999999999999,57.9,57.900000000000006,5,23
run_0456,gurobi,87.0,9.399999999999997,83.71000000000001,83.71000000000001,7,33
run_0457,gurobi,24.25,-2.4,25.09,25.09,3,8
run_0458,gurobi,61.75,-4.000000000000001,63.15,63.15,4,25
run_0459,gurobi,30.0,-4.000000000000001,31.4,31.4,4,9
run_0460,gurobi,30.0,-4.000000000000001,31.4,31.4,4,9
run_0461,gurobi,100.75,1.1999999999999988,100.33,100.33,7,40
run_0462,gurobi,64.5,3.2000000000000006,63.38,63.38,6,22
run_0463,gurobi,101.25,9.399999999999997,97.96000000000001,97.96,8,38
run_0464,gurobi,51.25,-0.20000000000000007,51.32,51.32000000000001,5,18
run_0465,gurobi,64.5,-2.6,65.41,65.41,4,27
run_0466,gurobi,73.75,5.999999999999999,71.65,71.65,5,30
run_0467,gurobi,42.75,0.5999999999999994,42.54,42.540000000000006,4,15
run_0468,gurobi,34.75,-2.4,35.59,35.59,3,14
run_0469,gurobi,90.5,5.999999999999998,88.4,88.4,7,35
run_0470,gurobi,26.0,0.3999999999999998,25.86,25.86,3,9
run_0471,gurobi,37.75,-4.000000000000001,39.15,39.15,4,13
run_0472,gurobi,64.0,6.999999999999998,61.55,61.55000000000001,6,23
run_0473,gurobi,77.0,9.866666666666665,73.54666666666667,73.54666666666667,6,30
run_0474,gurobi,67.5,3.2000000000000006,66.38,66.38,6,25
run_0475,gurobi,63.75,-0.6000000000000004,63.96,63.96,4,27
run_0476,gurobi,109.75,21.4,102.26,102.26000000000002,9,41
run_0477,gurobi,77.75,7.3999999999999995,75.16,75.16,6,30
run_0478,gurobi,76.25,9.799999999999997,72.82000000000001,72.82,6,30
run_0479,gurobi,60.0,3.1999999999999997,58.88,58.88,5,23
run_0480,gurobi,105.75,15.199999999999998,100.43,100.43,8,41
run_0481,gurobi,30.0,-4.000000000000001,31.4,31.4,4,9
run_0482,gurobi,51.75,-0.6000000000000004,51.96,51.96,4,21
run_0483,gurobi,91.75,19.200000000000003,85.03,85.03,8,33
run_0484,gurobi,90.75,2.399999999999999,89.91,89.91000000000001,6,37
run_0485,gurobi,24.25,-2.4,25.09,25.09,3,8
run_0486,gurobi,69.75,8.399999999999997,66.81,66.81,7,24
run_0487,gurobi,68.5,-0.40000000000000024,68.64,68.64,5,27
run_0488,gurobi,67.0,8.066666666666666,64.17666666666666,64.17666666666668,6,23
run_0489,gurobi,43.5,-2.4,44.34,44.34,3,19
run_0490,gurobi,22.5,-2.4,23.34,23.34,3,7
run_0491,gurobi,69.5,-1.8000000000000003,70.13,70.13,6,24
run_0492,gurobi,33.5,0.7999999999999995,33.22,33.22,4,11
run_0493,gurobi,43.25,0.3999999999999998,43.11,43.11000000000001,3,18
run_0494,gurobi,43.5,3.1999999999999997,42.38,42.38,5,14
run_0495,gurobi,63.5,0.7999999999999995,63.22,63.22,5,25
run_0496,gurobi,64.75,-4.2,66.22,66.22,5,24
run_0497,gurobi,33.0,-2.4,33.84,33.84,3,13
run_0498,gurobi,33.0,-2.4,33.84,33.84,3,13
run_0499,gurobi,22.5,-2.4,23.34,23.34,3,7
run_0500,gurobi,53.0,-2.0000000000000004,53.7,53.699999999999996,4,20
