run_name,exact_mip,baseline_greedy,baseline_beam,baseline_random,best_model,best_objective_score
run_0001,72.83,74.98,74.98,72.83,exact_mip,72.83
run_0002,77.06,77.06,77.06,77.06,exact_mip,77.06
run_0003,68.36,70.72,68.99,68.36,exact_mip,68.36
run_0004,18.92,18.92,18.92,18.92,exact_mip,18.92
run_0005,95.55,100.6,98.17,96.67,exact_mip,95.55
run_0006,74.7,77.34,77.34,74.7,exact_mip,74.7
run_0007,42.34,42.34,42.34,42.34,exact_mip,42.34
run_0008,59.68,62.86,62.3,59.68,exact_mip,59.68
run_0009,83.16666666666667,85.55333333333333,83.96,83.16666666666667,exact_mip,83.16666666666667
run_0010,87.2,90.24,87.76,87.2,exact_mip,87.2
run_0011,56.34,56.34,56.34,56.34,exact_mip,56.34
run_0012,81.4,82.64,82.64,81.4,exact_mip,81.4
run_0013,20.67,20.67,20.67,20.67,exact_mip,20.67
run_0014,61.82,63.76,61.82,61.82,exact_mip,61.82
run_0015,47.24,49.44,47.24,47.24,exact_mip,47.24
run_0016,76.15,79.02666666666667,77.81,76.15,exact_mip,76.15
run_0017,38.73,39.15,39.15,38.73,exact_mip,38.73
run_0018,66.48,70.69,70.41,66.48,exact_mip,66.48
run_0019,65.06,67.28,66.72,65.06,exact_mip,65.06
run_0020,89.12,91.41,90.64,89.12,exact_mip,89.12
run_0021,38.4,38.4,38.4,38.4,exact_mip,38.4
run_0022,89.15,90.81,90.74,89.15,exact_mip,89.15
run_0023,21.59,21.59,21.59,21.59,exact_mip,21.59
run_0024,49.66,49.8,49.66,49.66,exact_mip,49.66
run_0025,61.82,63.06,61.82,61.82,exact_mip,61.82
run_0026,59.42,59.42,59.42,59.42,exact_mip,59.42
run_0027,23.34,23.34,23.34,23.34,exact_mip,23.34
run_0028,50.33,51.85,50.33,50.33,exact_mip,50.33
run_0029,83.28,83.46666666666667,83.46666666666667,83.28,exact_mip,83.28
run_0030,88.19,88.19,88.19,88.19,exact_mip,88.19
run_0031,63.5,65.37,63.5,63.5,exact_mip,63.5
run_0032,71.12,75.47,72.64,71.12,exact_mip,71.12
run_0033,81.03,84.84,83.32,81.03,exact_mip,81.03
run_0034,88.83,90.77,90.77,88.83,exact_mip,88.83
run_0035,53.0,54.31,53.0,53.0,exact_mip,53.0
run_0036,81.39,82.35,82.35,81.39,exact_mip,81.39
run_0037,38.96,40.69,38.96,38.96,exact_mip,38.96
run_0038,56.24,59.49,59.07,56.24,exact_mip,56.24
run_0039,23.34,23.34,23.34,23.34,exact_mip,23.34
run_0040,26.71,28.44,26.71,26.71,exact_mip,26.71
run_0041,102.38,102.38,102.38,102.38,exact_mip,102.38
run_0042,84.47,84.68,84.47,84.47,exact_mip,84.47
run_0043,50.5,51.95,50.5,50.5,exact_mip,50.5
run_0044,53.46,55.19,53.46,53.46,exact_mip,53.46
run_0045,79.03,81.01666666666667,79.21666666666667,79.03,exact_mip,79.03
run_0046,36.84,36.84,36.84,36.84,exact_mip,36.84
run_0047,64.63,64.77,64.7,64.63,exact_mip,64.63
run_0048,87.55,87.69,87.69,87.55,exact_mip,87.55
run_0049,23.34,23.34,23.34,23.34,exact_mip,23.34
run_0050,50.2,52.14,52.14,50.2,exact_mip,50.2
run_0051,82.18,86.32000000000001,86.04,82.6,exact_mip,82.18
run_0052,65.09,66.75,65.37,65.09,exact_mip,65.09
run_0053,72.35,72.35,72.35,72.35,exact_mip,72.35
run_0054,65.14,67.36,67.22,65.14,exact_mip,65.14
run_0055,88.78333333333333,91.49333333333334,89.78666666666666,88.78333333333333,exact_mip,88.78333333333333
run_0056,52.7,54.22,52.7,52.7,exact_mip,52.7
run_0057,95.84,98.53,96.66,95.84,exact_mip,95.84
run_0058,40.35,40.35,40.35,40.35,exact_mip,40.35
run_0059,63.07,64.17,63.07,63.07,exact_mip,63.07
run_0060,34.97,36.21,34.97,34.97,exact_mip,34.97
run_0061,75.29,76.03666666666666,75.85,75.29,exact_mip,75.29
run_0062,23.34,23.34,23.34,23.34,exact_mip,23.34
run_0063,86.93,88.59,86.93,86.93,exact_mip,86.93
run_0064,32.92,32.92,32.92,32.92,exact_mip,32.92
run_0065,26.15,26.15,26.15,26.15,exact_mip,26.15
run_0066,42.65,42.65,42.65,42.65,exact_mip,42.65
run_0067,44.96,46.69,44.96,44.96,exact_mip,44.96
run_0068,31.96,33.69,31.96,31.96,exact_mip,31.96
run_0069,65.12,68.86,68.02,65.12,exact_mip,65.12
run_0070,60.47,61.78,60.61,60.47,exact_mip,60.47
run_0071,78.18,79.84,78.18,78.18,exact_mip,78.18
run_0072,60.95,63.59,63.17,60.95,exact_mip,60.95
run_0073,66.77,69.88,69.46,66.77,exact_mip,66.77
run_0074,26.84,26.84,26.84,26.84,exact_mip,26.84
run_0075,82.42,82.98,82.98,82.42,exact_mip,82.42
run_0076,20.67,20.67,20.67,20.67,exact_mip,20.67
run_0077,62.91,63.19,63.05,62.91,exact_mip,62.91
run_0078,36.09,36.09,36.09,36.09,exact_mip,36.09
run_0079,43.17,43.17,43.17,43.17,exact_mip,43.17
run_0080,46.05,49.44,47.5,46.05,exact_mip,46.05
run_0081,69.17,69.45,69.31,69.17,exact_mip,69.17
run_0082,78.1,78.1,78.1,78.1,exact_mip,78.1
run_0083,31.47,32.71,31.47,31.47,exact_mip,31.47
run_0084,72.47,72.75,72.61,72.47,exact_mip,72.47
run_0085,27.97,29.21,27.97,27.97,exact_mip,27.97
run_0086,50.66,50.94,50.8,50.66,exact_mip,50.66
run_0087,72.38,74.93,74.65,72.38,exact_mip,72.38
run_0088,50.51,51.89,50.51,50.51,exact_mip,50.51
run_0089,80.28,82.71,82.57,80.28,exact_mip,80.28
run_0090,25.92,25.92,25.92,25.92,exact_mip,25.92
run_0091,99.06,101.4,99.2,99.06,exact_mip,99.06
run_0092,59.59,59.59,59.59,59.59,exact_mip,59.59
run_0093,113.65,116.78,114.14,113.72,exact_mip,113.65
run_0094,75.48,79.22,76.65,75.62,exact_mip,75.48
run_0095,78.57000000000001,80.37,78.99,78.57000000000001,exact_mip,78.57000000000001
run_0096,109.08,111.56,109.64,109.08,exact_mip,109.08
run_0097,83.84,86.83,86.83,83.84,exact_mip,83.84
run_0098,18.92,18.92,18.92,18.92,exact_mip,18.92
run_0099,84.58,87.13,86.85,84.58,exact_mip,84.58
run_0100,22.42,22.42,22.42,22.42,exact_mip,22.42
run_0101,39.09,39.09,39.09,39.09,exact_mip,39.09
run_0102,81.68,81.68,81.68,81.68,exact_mip,81.68
run_0103,31.96,33.69,31.96,31.96,exact_mip,31.96
run_0104,48.57,48.92,48.57,48.57,exact_mip,48.57
run_0105,87.07,89.15,88.12,87.07,exact_mip,87.07
run_0106,22.42,22.42,22.42,22.42,exact_mip,22.42
run_0107,86.95,89.85,89.78,86.95,exact_mip,86.95
run_0108,77.11,78.63,77.11,77.11,exact_mip,77.11
run_0109,91.48333333333333,94.97,93.66,92.97666666666666,exact_mip,91.48333333333333
run_0110,63.72,64.0,63.86,63.72,exact_mip,63.72
run_0111,110.67,113.01,112.33,110.88,exact_mip,110.67
run_0112,73.08,75.02,75.02,73.08,exact_mip,73.08
run_0113,59.71,61.44,59.71,59.71,exact_mip,59.71
run_0114,88.56,89.26,89.26,88.56,exact_mip,88.56
run_0115,33.15,33.15,33.15,33.15,exact_mip,33.15
run_0116,50.15,50.15,50.15,50.15,exact_mip,50.15
run_0117,59.45,61.39,59.45,59.45,exact_mip,59.45
run_0118,68.65,71.36333333333333,68.86,68.65,exact_mip,68.65
run_0119,49.15,51.63,49.15,49.15,exact_mip,49.15
run_0120,52.26,52.26,52.26,52.26,exact_mip,52.26
run_0121,47.9,47.9,47.9,47.9,exact_mip,47.9
run_0122,26.84,26.84,26.84,26.84,exact_mip,26.84
run_0123,83.4,86.23,84.03,83.4,exact_mip,83.4
run_0124,25.84,25.84,25.84,25.84,exact_mip,25.84
run_0125,60.57,64.38,60.99,60.57,exact_mip,60.57
run_0126,75.45,77.18,75.45,75.45,exact_mip,75.45
run_0127,67.91,68.05,67.91,67.91,exact_mip,67.91
run_0128,90.46,93.34,90.90666666666667,90.46,exact_mip,90.46
run_0129,87.22,91.1,89.44,87.22,exact_mip,87.22
run_0130,62.29666666666667,63.21,63.21,62.29666666666667,exact_mip,62.29666666666667
run_0131,28.59,28.59,28.59,28.59,exact_mip,28.59
run_0132,56.51,59.01,58.19,56.51,exact_mip,56.51
run_0133,53.8,54.97,53.8,53.8,exact_mip,53.8
run_0134,77.4,81.19,77.4,77.4,exact_mip,77.4
run_0135,68.81,71.92,68.95,68.81,exact_mip,68.81
run_0136,58.82,61.11,60.55,58.82,exact_mip,58.82
run_0137,92.11,96.67,93.63,92.11,exact_mip,92.11
run_0138,67.45,68.97,67.45,67.45,exact_mip,67.45
run_0139,34.34,34.34,34.34,34.34,exact_mip,34.34
run_0140,62.92,62.92,62.92,62.92,exact_mip,62.92
run_0141,93.8,93.96333333333334,93.96333333333334,93.87,exact_mip,93.8
run_0142,55.38,57.04,55.38,55.38,exact_mip,55.38
run_0143,80.19,84.07000000000001,84.07000000000001,80.19,exact_mip,80.19
run_0144,60.69,60.69,60.69,60.69,exact_mip,60.69
run_0145,50.98,52.5,50.98,50.98,exact_mip,50.98
run_0146,29.65,29.65,29.65,29.65,exact_mip,29.65
run_0147,81.37,84.83,83.45,81.51,exact_mip,81.37
run_0148,96.5,100.03,98.37,96.5,exact_mip,96.5
run_0149,63.97,65.28,64.11,63.97,exact_mip,63.97
run_0150,79.88,81.82,81.05,79.88,exact_mip,79.88
run_0151,76.93,82.12,81.56,76.93,exact_mip,76.93
run_0152,69.92,69.92,69.92,69.92,exact_mip,69.92
run_0153,88.69,90.63,90.07,88.69,exact_mip,88.69
run_0154,66.38,68.86,67.76,66.38,exact_mip,66.38
run_0155,27.9,27.9,27.9,27.9,exact_mip,27.9
run_0156,72.38,74.65,74.65,72.38,exact_mip,72.38
run_0157,63.49,66.53,63.49,63.49,exact_mip,63.49
run_0158,33.15,33.15,33.15,33.15,exact_mip,33.15
run_0159,21.59,21.59,21.59,21.59,exact_mip,21.59
run_0160,42.79,44.8,43.56,42.79,exact_mip,42.79
run_0161,59.7,61.01,59.7,59.7,exact_mip,59.7
run_0162,71.52,73.62333333333333,71.91666666666667,71.52,exact_mip,71.52
run_0163,78.72,79.89,78.79,78.72,exact_mip,78.72
run_0164,84.17,84.31,84.17,84.17,exact_mip,84.17
run_0165,72.94,72.94,72.94,72.94,exact_mip,72.94
run_0166,26.84,26.84,26.84,26.84,exact_mip,26.84
run_0167,40.9,40.9,40.9,40.9,exact_mip,40.9
run_0168,67.68,74.06,72.94,67.68,exact_mip,67.68
run_0169,20.67,20.67,20.67,20.67,exact_mip,20.67
run_0170,72.63,74.29,73.73,72.63,exact_mip,72.63
run_0171,74.22,74.43,74.22,74.22,exact_mip,74.22
run_0172,75.06,76.3,75.13,75.06,exact_mip,75.06
run_0173,66.57000000000001,70.31,70.31,66.57000000000001,exact_mip,66.57000000000001
run_0174,45.32,46.63,46.63,45.32,exact_mip,45.32
run_0175,29.42,29.42,29.42,29.42,exact_mip,29.42
run_0176,58.15,58.15,58.15,58.15,exact_mip,58.15
run_0177,25.09,25.09,25.09,25.09,exact_mip,25.09
run_0178,75.51,76.89,75.51,75.51,exact_mip,75.51
run_0179,71.57,73.16,71.71,71.57,exact_mip,71.57
run_0180,77.68,78.64,77.68,77.68,exact_mip,77.68
run_0181,29.65,29.65,29.65,29.65,exact_mip,29.65
run_0182,18.92,18.92,18.92,18.92,exact_mip,18.92
run_0183,29.65,29.65,29.65,29.65,exact_mip,29.65
run_0184,27.9,27.9,27.9,27.9,exact_mip,27.9
run_0185,68.58,70.99,69.21,68.58,exact_mip,68.58
run_0186,69.59,71.53,71.39,69.59,exact_mip,69.59
run_0187,84.32,85.56,85.49,84.32,exact_mip,84.32
run_0188,51.09,51.09,51.09,51.09,exact_mip,51.09
run_0189,56.85,56.85,56.85,56.85,exact_mip,56.85
run_0190,74.8,77.3,75.15,74.8,exact_mip,74.8
run_0191,88.56,90.76,88.56,88.56,exact_mip,88.56
run_0192,70.6,71.98,70.6,70.6,exact_mip,70.6
run_0193,76.33,78.34,77.92,76.33,exact_mip,76.33
run_0194,46.2,46.48,46.48,46.2,exact_mip,46.2
run_0195,67.42,70.39,68.66,67.84,exact_mip,67.42
run_0196,41.98,41.98,41.98,41.98,exact_mip,41.98
run_0197,90.39,94.36,94.36,90.95,exact_mip,90.39
run_0198,64.21,65.73,64.21,64.21,exact_mip,64.21
run_0199,77.37,80.41,80.41,77.37,exact_mip,77.37
run_0200,89.23,93.18,92.9,89.65,exact_mip,89.23
run_0201,84.46000000000001,89.16,85.58,85.02,exact_mip,84.46000000000001
run_0202,85.22,87.79,85.57,85.22,exact_mip,85.22
run_0203,20.67,20.67,20.67,20.67,exact_mip,20.67
run_0204,50.2,52.14,52.14,50.2,exact_mip,50.2
run_0205,69.5,71.58,69.92,69.5,exact_mip,69.5
run_0206,85.26,85.82000000000001,85.26,85.26,exact_mip,85.26
run_0207,75.56,77.43,76.61,75.56,exact_mip,75.56
run_0208,41.84,41.84,41.84,41.84,exact_mip,41.84
run_0209,31.17,31.17,31.17,31.17,exact_mip,31.17
run_0210,80.85,82.16,80.85,80.85,exact_mip,80.85
run_0211,55.65,55.65,55.65,55.65,exact_mip,55.65
run_0212,45.95,47.68,46.37,45.95,exact_mip,45.95
run_0213,75.43,78.26,76.95,75.43,exact_mip,75.43
run_0214,44.09,44.09,44.09,44.09,exact_mip,44.09
run_0215,58.41,58.69,58.55,58.41,exact_mip,58.41
run_0216,22.42,22.42,22.42,22.42,exact_mip,22.42
run_0217,69.1,70.62,69.1,69.1,exact_mip,69.1
run_0218,34.9,34.9,34.9,34.9,exact_mip,34.9
run_0219,59.98,62.76,60.82,59.98,exact_mip,59.98
run_0220,72.64,74.72333333333333,72.64,72.64,exact_mip,72.64
run_0221,67.88,68.23,67.95,67.88,exact_mip,67.88
run_0222,75.68333333333334,79.07333333333334,75.87,75.68333333333334,exact_mip,75.68333333333334
run_0223,36.72,37.96,36.72,36.72,exact_mip,36.72
run_0224,67.44,67.44,67.44,67.44,exact_mip,67.44
run_0225,76.75,81.05,80.91,76.82000000000001,exact_mip,76.75
run_0226,36.73,37.29,36.73,36.73,exact_mip,36.73
run_0227,17.17,17.17,17.17,17.17,exact_mip,17.17
run_0228,80.81,84.53,82.05,80.81,exact_mip,80.81
run_0229,59.01,59.01,59.01,59.01,exact_mip,59.01
run_0230,73.69,73.69,73.69,73.69,exact_mip,73.69
run_0231,80.38,83.07,81.41,80.38,exact_mip,80.38
run_0232,61.22,62.53,61.36,61.22,exact_mip,61.22
run_0233,73.54,76.72,75.48,73.54,exact_mip,73.54
run_0234,51.2,53.14,53.14,51.2,exact_mip,51.2
run_0235,49.95,51.05,49.95,49.95,exact_mip,49.95
run_0236,28.59,28.59,28.59,28.59,exact_mip,28.59
run_0237,55.54,57.27,55.61,55.54,exact_mip,55.54
run_0238,33.22,34.46,33.22,33.22,exact_mip,33.22
run_0239,56.21,57.94,56.21,56.21,exact_mip,56.21
run_0240,72.31,73.83,72.31,72.31,exact_mip,72.31
run_0241,86.33,89.21,88.39,86.33,exact_mip,86.33
run_0242,27.34,27.34,27.34,27.34,exact_mip,27.34
run_0243,53.14,55.29,55.22,53.14,exact_mip,53.14
run_0244,82.84,86.44,83.12,82.84,exact_mip,82.84
run_0245,67.89,68.59,68.59,67.89,exact_mip,67.89
run_0246,75.82,77.2,76.03,75.82,exact_mip,75.82
run_0247,53.0,54.193333333333335,53.0,53.0,exact_mip,53.0
run_0248,51.95,53.89,53.89,51.95,exact_mip,51.95
run_0249,80.7,82.22,80.7,80.7,exact_mip,80.7
run_0250,62.63,64.08,62.63,62.63,exact_mip,62.63
run_0251,104.63,108.3,107.06,104.7,exact_mip,104.63
run_0252,59.6,64.16,59.6,59.6,exact_mip,59.6
run_0253,30.84,30.84,30.84,30.84,exact_mip,30.84
run_0254,42.59,44.95,42.59,42.59,exact_mip,42.59
run_0255,57.66,57.87,57.66,57.66,exact_mip,57.66
run_0256,25.09,25.09,25.09,25.09,exact_mip,25.09
run_0257,41.4,42.57,41.75,41.4,exact_mip,41.4
run_0258,46.75,49.93,47.17,46.75,exact_mip,46.75
run_0259,37.21,38.94,37.21,37.21,exact_mip,37.21
run_0260,56.59,59.0,56.87,56.59,exact_mip,56.59
run_0261,82.88,86.97,84.61,82.88,exact_mip,82.88
run_0262,92.48666666666666,97.77,94.98666666666666,92.48666666666666,exact_mip,92.48666666666666
run_0263,34.59,34.59,34.59,34.59,exact_mip,34.59
run_0264,26.84,26.84,26.84,26.84,exact_mip,26.84
run_0265,53.7,55.43,54.12,53.7,exact_mip,53.7
run_0266,32.09,32.09,32.09,32.09,exact_mip,32.09
run_0267,25.09,25.09,25.09,25.09,exact_mip,25.09
run_0268,82.42,87.84333333333333,86.53333333333333,83.4,exact_mip,82.42
run_0269,69.94,74.1,74.1,69.94,exact_mip,69.94
run_0270,43.73,43.73,43.73,43.73,exact_mip,43.73
run_0271,56.47,57.99,56.47,56.47,exact_mip,56.47
run_0272,33.99,34.06,33.99,33.99,exact_mip,33.99
run_0273,24.17,24.17,24.17,24.17,exact_mip,24.17
run_0274,65.74,66.7,66.7,65.74,exact_mip,65.74
run_0275,44.2,46.14,44.2,44.2,exact_mip,44.2
run_0276,90.89666666666666,96.72,93.77,91.90333333333334,exact_mip,90.89666666666666
run_0277,48.95,49.98,48.95,48.95,exact_mip,48.95
run_0278,26.84,26.84,26.84,26.84,exact_mip,26.84
run_0279,28.59,28.59,28.59,28.59,exact_mip,28.59
run_0280,54.25,55.84,54.25,54.25,exact_mip,54.25
run_0281,92.10666666666667,94.11666666666666,93.32333333333334,92.10666666666667,exact_mip,92.10666666666667
run_0282,22.42,22.42,22.42,22.42,exact_mip,22.42
run_0283,94.01,96.65,96.65,94.01,exact_mip,94.01
run_0284,97.60666666666667,99.26666666666667,98.16666666666667,97.60666666666667,exact_mip,97.60666666666667
run_0285,28.01,29.18,28.01,28.01,exact_mip,28.01
run_0286,81.35,82.87,81.42,81.35,exact_mip,81.35
run_0287,56.7,58.08,56.7,56.7,exact_mip,56.7
run_0288,51.94,51.94,51.94,51.94,exact_mip,51.94
run_0289,53.82,55.69,54.87,53.82,exact_mip,53.82
run_0290,61.44,61.44,61.44,61.44,exact_mip,61.44
run_0291,66.35,66.35,66.35,66.35,exact_mip,66.35
run_0292,73.26,76.25,76.25,73.26,exact_mip,73.26
run_0293,60.0,61.31,60.0,60.0,exact_mip,60.0
run_0294,47.07,49.76,48.38,47.07,exact_mip,47.07
run_0295,77.07000000000001,78.59,78.59,77.07000000000001,exact_mip,77.07000000000001
run_0296,26.84,26.84,26.84,26.84,exact_mip,26.84
run_0297,34.34,34.34,34.34,34.34,exact_mip,34.34
run_0298,84.38,86.51,84.38,84.38,exact_mip,84.38
run_0299,23.34,23.34,23.34,23.34,exact_mip,23.34
run_0300,64.7,65.8,64.7,64.7,exact_mip,64.7
run_0301,78.89,81.04,80.97,78.89,exact_mip,78.89
run_0302,71.94,71.94,71.94,71.94,exact_mip,71.94
run_0303,66.47,70.14,68.83,66.47,exact_mip,66.47
run_0304,40.84,40.84,40.84,40.84,exact_mip,40.84
run_0305,20.67,20.67,20.67,20.67,exact_mip,20.67
run_0306,82.79,86.6,84.87,82.86,exact_mip,82.79
run_0307,39.09,39.09,39.09,39.09,exact_mip,39.09
run_0308,71.26,71.26,71.26,71.26,exact_mip,71.26
run_0309,90.61,91.31,91.31,90.61,exact_mip,90.61
run_0310,44.96,46.69,44.96,44.96,exact_mip,44.96
run_0311,52.95,54.89,54.89,52.95,exact_mip,52.95
run_0312,77.9,80.47,78.95,77.9,exact_mip,77.9
run_0313,82.41,86.41,85.03,83.3,exact_mip,82.41
run_0314,77.38,79.93,79.65,77.38,exact_mip,77.38
run_0315,40.1,40.1,40.1,40.1,exact_mip,40.1
run_0316,66.63,66.77,66.7,66.63,exact_mip,66.63
run_0317,64.01,64.01,64.01,64.01,exact_mip,64.01
run_0318,54.47,56.06,54.47,54.47,exact_mip,54.47
run_0319,83.98,86.29666666666667,84.77666666666667,83.98,exact_mip,83.98
run_0320,26.84,26.84,26.84,26.84,exact_mip,26.84
run_0321,88.89,93.26,92.09,88.89,exact_mip,88.89
run_0322,58.07,59.66,59.38,58.07,exact_mip,58.07
run_0323,74.64,78.31,78.31,74.64,exact_mip,74.64
run_0324,104.35,109.61,107.25,105.45,exact_mip,104.35
run_0325,80.34,83.8,80.76,80.34,exact_mip,80.34
run_0326,52.65,53.75,52.65,52.65,exact_mip,52.65
run_0327,60.89,63.18,62.97,60.89,exact_mip,60.89
run_0328,57.6,57.6,57.6,57.6,exact_mip,57.6
run_0329,59.76,59.76,59.76,59.76,exact_mip,59.76
run_0330,56.58,59.480000000000004,57.82,56.58,exact_mip,56.58
run_0331,64.33,65.5,64.33,64.33,exact_mip,64.33
run_0332,77.58,78.86666666666667,77.58,77.58,exact_mip,77.58
run_0333,47.9,47.9,47.9,47.9,exact_mip,47.9
run_0334,41.38,44.42,44.42,41.38,exact_mip,41.38
run_0335,50.49,53.25,50.49,50.49,exact_mip,50.49
run_0336,77.33,78.57000000000001,78.57000000000001,77.33,exact_mip,77.33
run_0337,81.57,82.81,81.57,81.57,exact_mip,81.57
run_0338,42.49,44.71,44.15,42.49,exact_mip,42.49
run_0339,73.57000000000001,75.65,75.09,73.57000000000001,exact_mip,73.57000000000001
run_0340,26.84,26.84,26.84,26.84,exact_mip,26.84
run_0341,44.86,45.96,44.86,44.86,exact_mip,44.86
run_0342,64.07000000000001,67.48,65.8,64.07000000000001,exact_mip,64.07000000000001
run_0343,46.230000000000004,46.230000000000004,46.230000000000004,46.230000000000004,exact_mip,46.230000000000004
run_0344,73.16,73.37,73.16,73.16,exact_mip,73.16
run_0345,83.56,84.87,84.87,83.56,exact_mip,83.56
run_0346,65.91,65.91,65.91,65.91,exact_mip,65.91
run_0347,82.65,85.5,84.38,82.65,exact_mip,82.65
run_0348,66.07,67.59,66.07,66.07,exact_mip,66.07
run_0349,52.04,55.15,54.33,52.04,exact_mip,52.04
run_0350,34.98,34.98,34.98,34.98,exact_mip,34.98
run_0351,25.09,25.09,25.09,25.09,exact_mip,25.09
run_0352,64.66,64.94,64.8,64.66,exact_mip,64.66
run_0353,61.74,64.54666666666667,64.54666666666667,61.74,exact_mip,61.74
run_0354,50.47,50.82,50.47,50.47,exact_mip,50.47
run_0355,29.65,29.65,29.65,29.65,exact_mip,29.65
run_0356,70.11,72.47,70.74,70.11,exact_mip,70.11
run_0357,55.59,55.59,55.59,55.59,exact_mip,55.59
run_0358,39.24,41.72,39.24,39.24,exact_mip,39.24
run_0359,51.4,53.34,53.2,51.4,exact_mip,51.4
run_0360,71.12,71.4,71.26,71.12,exact_mip,71.12
run_0361,67.83,69.0,68.18,67.83,exact_mip,67.83
run_0362,61.6,61.6,61.6,61.6,exact_mip,61.6
run_0363,44.11,45.63,44.11,44.11,exact_mip,44.11
run_0364,63.85,63.85,63.85,63.85,exact_mip,63.85
run_0365,45.88,48.660000000000004,48.660000000000004,45.88,exact_mip,45.88
run_0366,19.84,19.84,19.84,19.84,exact_mip,19.84
run_0367,44.32,45.98,44.32,44.32,exact_mip,44.32
run_0368,54.78,56.766666666666666,54.96666666666667,54.78,exact_mip,54.78
run_0369,65.47,66.57,65.47,65.47,exact_mip,65.47
run_0370,25.09,25.09,25.09,25.09,exact_mip,25.09
run_0371,43.73,43.73,43.73,43.73,exact_mip,43.73
run_0372,28.34,28.34,28.34,28.34,exact_mip,28.34
run_0373,51.71,53.44,51.71,51.71,exact_mip,51.71
run_0374,19.84,19.84,19.84,19.84,exact_mip,19.84
run_0375,34.9,34.9,34.9,34.9,exact_mip,34.9
run_0376,79.65,80.7,80.7,79.65,exact_mip,79.65
run_0377,85.83,88.59,86.11,85.83,exact_mip,85.83
run_0378,58.95,60.68,58.95,58.95,exact_mip,58.95
run_0379,82.97,83.32,83.18,82.97,exact_mip,82.97
run_0380,75.4,79.77,77.83,75.4,exact_mip,75.4
run_0381,73.18,77.08,77.08,73.18,exact_mip,73.18
run_0382,104.59666666666666,107.23666666666666,107.23666666666666,104.85333333333334,exact_mip,104.59666666666666
run_0383,70.34,71.04,70.62,70.34,exact_mip,70.34
run_0384,62.97,65.87,64.21,62.97,exact_mip,62.97
run_0385,55.26,58.72,56.99,55.26,exact_mip,55.26
run_0386,40.7,42.64,40.7,40.7,exact_mip,40.7
run_0387,63.95,65.89,63.95,63.95,exact_mip,63.95
run_0388,48.98,48.98,48.98,48.98,exact_mip,48.98
run_0389,44.48,44.48,44.48,44.48,exact_mip,44.48
run_0390,71.64,73.44,71.71,71.64,exact_mip,71.64
run_0391,72.31,77.5,76.26,72.31,exact_mip,72.31
run_0392,47.85,47.85,47.85,47.85,exact_mip,47.85
run_0393,67.16,67.37,67.16,67.16,exact_mip,67.16
run_0394,90.17666666666666,91.11333333333333,90.17666666666666,90.17666666666666,exact_mip,90.17666666666666
run_0395,43.5,44.78666666666667,43.5,43.5,exact_mip,43.5
run_0396,88.59,90.39,88.66,88.59,exact_mip,88.59
run_0397,48.65,48.65,48.65,48.65,exact_mip,48.65
run_0398,79.14,81.22,79.28,79.14,exact_mip,79.14
run_0399,45.4,45.4,45.4,45.4,exact_mip,45.4
run_0400,73.53,76.1,74.37,73.53,exact_mip,73.53
run_0401,55.22,56.81,55.36,55.22,exact_mip,55.22
run_0402,95.06,96.16,95.06,95.06,exact_mip,95.06
run_0403,29.34,29.34,29.34,29.34,exact_mip,29.34
run_0404,52.47,52.82,52.68,52.47,exact_mip,52.47
run_0405,50.38666666666667,51.51,51.46333333333333,50.38666666666667,exact_mip,50.38666666666667
run_0406,48.85,48.85,48.85,48.85,exact_mip,48.85
run_0407,81.82000000000001,83.88,83.88,82.17,exact_mip,81.82000000000001
run_0408,105.58,108.9,106.68,105.58,exact_mip,105.58
run_0409,67.36,70.02666666666667,68.36666666666667,68.27333333333334,exact_mip,67.36
run_0410,100.37,103.27,101.82,100.58,exact_mip,100.37
run_0411,28.59,28.59,28.59,28.59,exact_mip,28.59
run_0412,23.34,23.34,23.34,23.34,exact_mip,23.34
run_0413,34.9,34.9,34.9,34.9,exact_mip,34.9
run_0414,56.72,57.913333333333334,56.72,56.72,exact_mip,56.72
run_0415,45.6,45.6,45.6,45.6,exact_mip,45.6
run_0416,43.88,46.36,43.88,43.88,exact_mip,43.88
run_0417,83.72,84.0,83.86,83.72,exact_mip,83.72
run_0418,60.7,62.43,60.7,60.7,exact_mip,60.7
run_0419,83.92,84.48,84.48,83.92,exact_mip,83.92
run_0420,26.15,26.15,26.15,26.15,exact_mip,26.15
run_0421,32.84,32.84,32.84,32.84,exact_mip,32.84
run_0422,27.67,27.67,27.67,27.67,exact_mip,27.67
run_0423,75.71,77.23,77.23,75.92,exact_mip,75.71
run_0424,47.46,49.19,47.46,47.46,exact_mip,47.46
run_0425,98.83,101.17,101.17,98.83,exact_mip,98.83
run_0426,52.32,53.91,53.63,52.32,exact_mip,52.32
run_0427,59.35,59.35,59.35,59.35,exact_mip,59.35
run_0428,26.84,26.84,26.84,26.84,exact_mip,26.84
run_0429,53.660000000000004,56.7,56.7,53.660000000000004,exact_mip,53.660000000000004
run_0430,50.34,52.14,50.34,50.34,exact_mip,50.34
run_0431,42.65,42.65,42.65,42.65,exact_mip,42.65
run_0432,57.39,59.19,57.46,57.39,exact_mip,57.39
run_0433,62.66,62.8,62.66,62.66,exact_mip,62.66
run_0434,72.25,73.98,72.25,72.25,exact_mip,72.25
run_0435,41.66,43.88,43.32,41.66,exact_mip,41.66
run_0436,48.65,48.65,48.65,48.65,exact_mip,48.65
run_0437,83.9,86.66,83.9,83.9,exact_mip,83.9
run_0438,56.57,57.88,57.88,56.57,exact_mip,56.57
run_0439,48.81,50.33,50.33,48.81,exact_mip,48.81
run_0440,81.93,84.55,82.07,81.93,exact_mip,81.93
run_0441,63.41,63.62,63.41,63.41,exact_mip,63.41
run_0442,58.9,58.9,58.9,58.9,exact_mip,58.9
run_0443,67.1,71.24,69.58,67.1,exact_mip,67.1
run_0444,63.97,65.28,64.11,63.97,exact_mip,63.97
run_0445,49.09,49.09,49.09,49.09,exact_mip,49.09
run_0446,25.09,25.09,25.09,25.09,exact_mip,25.09
run_0447,29.65,29.65,29.65,29.65,exact_mip,29.65
run_0448,19.84,19.84,19.84,19.84,exact_mip,19.84
run_0449,36.21,37.94,36.21,36.21,exact_mip,36.21
run_0450,66.27,66.55,66.55,66.27,exact_mip,66.27
run_0451,102.05,103.57,102.75,102.05,exact_mip,102.05
run_0452,32.09,32.09,32.09,32.09,exact_mip,32.09
run_0453,75.91,75.91,75.91,75.91,exact_mip,75.91
run_0454,86.8,88.81,87.15,86.8,exact_mip,86.8
run_0455,57.9,60.45,58.25,57.9,exact_mip,57.9
run_0456,83.71000000000001,86.21,85.65,83.71000000000001,exact_mip,83.71000000000001
run_0457,25.09,25.09,25.09,25.09,exact_mip,25.09
run_0458,63.15,63.15,63.15,63.15,exact_mip,63.15
run_0459,31.4,31.4,31.4,31.4,exact_mip,31.4
run_0460,31.4,31.4,31.4,31.4,exact_mip,31.4
run_0461,100.33,103.93,103.65,100.33,exact_mip,100.33
run_0462,63.38,64.76,64.34,63.38,exact_mip,63.38
run_0463,97.96000000000001,101.84,101.84,98.52,exact_mip,97.96000000000001
run_0464,51.32,52.56,51.32,51.32,exact_mip,51.32
run_0465,65.41,65.69,65.55,65.41,exact_mip,65.41
run_0466,71.65,72.75,71.65,71.65,exact_mip,71.65
run_0467,42.54,44.27,42.61,42.54,exact_mip,42.54
run_0468,35.59,35.59,35.59,35.59,exact_mip,35.59
run_0469,88.4,89.64,89.64,88.4,exact_mip,88.4
run_0470,25.86,27.38,25.86,25.86,exact_mip,25.86
run_0471,39.15,39.15,39.15,39.15,exact_mip,39.15
run_0472,61.55,64.94,63.28,61.55,exact_mip,61.55
run_0473,73.54666666666667,73.73333333333333,73.64,73.54666666666667,exact_mip,73.54666666666667
run_0474,66.38,68.65,67.41,66.38,exact_mip,66.38
run_0475,63.96,65.27,63.96,63.96,exact_mip,63.96
run_0476,102.26,110.21,109.11,104.39,exact_mip,102.26
run_0477,75.16,79.39,76.54,75.16,exact_mip,75.16
run_0478,72.82000000000001,75.58,73.78,72.82000000000001,exact_mip,72.82000000000001
run_0479,58.88,61.92,59.44,58.88,exact_mip,58.88
run_0480,100.43,103.23666666666666,103.23666666666666,100.64,exact_mip,100.43
run_0481,31.4,31.4,31.4,31.4,exact_mip,31.4
run_0482,51.96,53.48,51.96,51.96,exact_mip,51.96
run_0483,85.03,90.26666666666667,90.05666666666667,86.13,exact_mip,85.03
run_0484,89.91,91.71,91.36,89.91,exact_mip,89.91
run_0485,25.09,25.09,25.09,25.09,exact_mip,25.09
run_0486,66.81,70.13,67.37,66.81,exact_mip,66.81
run_0487,68.64,70.16,68.78,68.64,exact_mip,68.64
run_0488,64.17666666666666,65.20666666666666,64.27,64.17666666666666,exact_mip,64.17666666666666
run_0489,44.34,44.34,44.34,44.34,exact_mip,44.34
run_0490,23.34,23.34,23.34,23.34,exact_mip,23.34
run_0491,70.13,71.72,70.34,70.13,exact_mip,70.13
run_0492,33.22,34.88,33.22,33.22,exact_mip,33.22
run_0493,43.11,44.63,43.11,43.11,exact_mip,43.11
run_0494,42.38,44.6,42.38,42.38,exact_mip,42.38
run_0495,63.22,66.05,64.53,63.22,exact_mip,63.22
run_0496,66.22,66.64,66.43,66.22,exact_mip,66.22
run_0497,33.84,33.84,33.84,33.84,exact_mip,33.84
run_0498,33.84,33.84,33.84,33.84,exact_mip,33.84
run_0499,23.34,23.34,23.34,23.34,exact_mip,23.34
run_0500,53.7,53.7,53.7,53.7,exact_mip,53.7
